queue_id,queue_date_pt,batch,priority,lead_id,source,client,channel,channel_target,send_window_start_pt,send_window_end_pt,primary_goal,message_variant,next_step_if_no_reply,next_step_due_pt,status,sent_at_pt,response_at_pt,response_type,response_summary,owner,notes
Q260305-001,2026-03-05,A,HOT,sprint26-029,Local SMB,Spokane Landscaping & Maintenance,SMS,(509) 922-3660,08:35,09:05,Book 15-min discovery call,SMB-OPS-01,Call follow-up,2026-03-05 13:15,queued,,,,,john,Highest local EV + ops automation fit
Q260305-002,2026-03-05,A,HOT,sprint26-028,Local SMB,Freedom Garage Door Services,SMS,(253) 495-8488,08:35,09:05,Book 15-min discovery call,SMB-OPS-01,Call follow-up,2026-03-05 13:20,queued,,,,,john,
Q260305-003,2026-03-05,A,HOT,sprint26-027,Local SMB,Garage Door Repair Tacoma,SMS,(253) 218-6529,08:35,09:05,Book 15-min discovery call,SMB-OPS-01,Call follow-up,2026-03-05 13:25,queued,,,,,john,
Q260305-004,2026-03-05,A,HOT,sprint26-025,Local SMB,Seattle Mobile Detailing,SMS,(206) 922-7372,08:35,09:05,Book 15-min discovery call,SMB-OPS-01,Call follow-up,2026-03-05 13:30,queued,,,,,john,
Q260305-005,2026-03-05,A,HOT,sprint26-026,Local SMB,Lando Mobile Detailing,SMS,(206) 222-9652,08:35,09:05,Book 15-min discovery call,SMB-OPS-01,Call follow-up,2026-03-05 13:35,queued,,,,,john,
Q260305-006,2026-03-05,A,HOT,sprint26-030,Local SMB,Accurate Accounting Company Inc,SMS,206-335-8864,08:35,09:05,Book 15-min discovery call,SMB-OPS-02,Call follow-up,2026-03-05 13:40,queued,,,,,john,
Q260305-007,2026-03-05,B,HIGH,wa-google-002,Google+Yelp,PMC General Contractor,SMS,(425) 869-4000,09:10,09:45,Qualify pain + schedule audit call,NOSITE-01,Call follow-up,2026-03-05 14:00,queued,,,,,john,
Q260305-008,2026-03-05,B,HIGH,nosite-037,Yelp-Unclaimed,Regal Roofing & Contracting,SMS,(206) 784-2689,09:10,09:45,Qualify pain + schedule audit call,NOSITE-01,Call follow-up,2026-03-05 14:05,queued,,,,,john,
Q260305-009,2026-03-05,B,HIGH,nosite-001,Yelp-Unclaimed,Perez Landscaping,SMS,(206) 602-9766,09:10,09:45,Qualify pain + schedule audit call,NOSITE-01,Call follow-up,2026-03-05 14:10,queued,,,,,john,
Q260305-010,2026-03-05,B,HIGH,nosite-033,Yelp-Unclaimed,A A Landscaping,SMS,(206) 251-8199,09:10,09:45,Qualify pain + schedule audit call,NOSITE-01,Call follow-up,2026-03-05 14:15,queued,,,,,john,
Q260305-011,2026-03-05,B,HIGH,nosite-004,Yelp-Unclaimed,Northwest Landscape and Patio Bellevue,SMS,(425) 390-4959,09:10,09:45,Qualify pain + schedule audit call,NOSITE-01,Call follow-up,2026-03-05 14:20,queued,,,,,john,
Q260305-012,2026-03-05,B,HIGH,nosite-005,Yelp-Unclaimed,Envision Landscaping,SMS,(206) 679-8525,09:10,09:45,Qualify pain + schedule audit call,NOSITE-01,Call follow-up,2026-03-05 14:25,queued,,,,,john,
Q260305-013,2026-03-05,B,HIGH,nosite-003,Yelp-Unclaimed,Greenscapes Landscaping,SMS,(206) 802-8186,09:10,09:45,Qualify pain + schedule audit call,NOSITE-01,Call follow-up,2026-03-05 14:30,queued,,,,,john,
Q260305-014,2026-03-05,B,HIGH,nosite-002,Yelp-Unclaimed,Ligaya Landscaping,SMS,(206) 351-7402,09:10,09:45,Qualify pain + schedule audit call,NOSITE-01,Call follow-up,2026-03-05 14:35,queued,,,,,john,
Q260305-015,2026-03-05,B,HIGH,wa-google-003,Google+Yelp,Joc's Landscaping,SMS,(425) 791-1800,09:10,09:45,Qualify pain + schedule audit call,NOSITE-01,Call follow-up,2026-03-05 14:40,queued,,,,,john,
Q260305-016,2026-03-05,B,HIGH,wa-google-004,Google+Yelp,Family Lawn Services,SMS,(360) 961-2955,09:10,09:45,Qualify pain + schedule audit call,NOSITE-01,Call follow-up,2026-03-05 14:45,queued,,,,,john,
Q260305-017,2026-03-05,C,HIGH,sprint26-019,LinkedIn,James Persons,LinkedIn DM,https://www.linkedin.com/in/james-persons-82a6a478/,10:00,10:40,Secure partner/discovery chat,LI-PARTNER-01,Connection + follow-up DM,2026-03-06 09:30,queued,,,,,john,
Q260305-018,2026-03-05,C,HIGH,sprint26-020,LinkedIn,Brenda Stimely,LinkedIn DM,https://www.linkedin.com/in/brenda-stimely-667841b6/,10:00,10:40,Secure partner/discovery chat,LI-PARTNER-01,Connection + follow-up DM,2026-03-06 09:35,queued,,,,,john,
Q260305-019,2026-03-05,C,HIGH,sprint26-021,LinkedIn,Aeron Gonzales,LinkedIn DM,https://www.linkedin.com/in/aeron-gonzales-13b62979/,10:00,10:40,Secure partner/discovery chat,LI-PARTNER-02,Connection + follow-up DM,2026-03-06 09:40,queued,,,,,john,
Q260305-020,2026-03-05,C,HIGH,sprint26-022,LinkedIn,Drake Sallee,LinkedIn DM,https://www.linkedin.com/in/drake-sallee-1897b218b/,10:00,10:40,Secure partner/discovery chat,LI-PARTNER-02,Connection + follow-up DM,2026-03-06 09:45,queued,,,,,john,
Q260305-021,2026-03-05,C,HIGH,sprint26-023,LinkedIn,Kevin Pretorius,LinkedIn DM,https://www.linkedin.com/in/kpretorius/,10:00,10:40,Secure partner/discovery chat,LI-PARTNER-01,Connection + follow-up DM,2026-03-06 09:50,queued,,,,,john,
Q260305-022,2026-03-05,C,HIGH,sprint26-024,LinkedIn,LaVon Dennistoun,LinkedIn DM,https://www.linkedin.com/in/lavondennistoun/,10:00,10:40,Secure partner/discovery chat,LI-PARTNER-01,Connection + follow-up DM,2026-03-06 09:55,queued,,,,,john,
Q260305-023,2026-03-05,D,MED,sprint26-001,Fiverr,yasirhamedca,Fiverr DM,https://www.fiverr.com/yasirhamedca/do-excel-macro-excel-automation-vba-data-cleaning-dashboard-formulas-table,11:10,11:50,Set up white-label partner chat,FV-WL-01,Follow-up DM,2026-03-06 11:15,queued,,,,,john,
Q260305-024,2026-03-05,D,MED,sprint26-002,Fiverr,daniel63036,Fiverr DM,https://www.fiverr.com/daniel63036/create-a-professional-automated-and-custom-excel-spreadsheet,11:10,11:50,Set up white-label partner chat,FV-WL-01,Follow-up DM,2026-03-06 11:20,queued,,,,,john,
Q260305-025,2026-03-05,D,MED,sprint26-003,Fiverr,chaudharyns,Fiverr DM,https://www.fiverr.com/chaudharyns/create-a-dynamic-and-automated-excel-dashboard,11:10,11:50,Set up white-label partner chat,FV-WL-01,Follow-up DM,2026-03-06 11:25,queued,,,,,john,
Q260305-026,2026-03-05,D,MED,sprint26-004,Fiverr,mushfique32,Fiverr DM,https://www.fiverr.com/mushfique32/make-a-perfect-excel-dashboard-pivot-table-and-charts,11:10,11:50,Set up white-label partner chat,FV-WL-01,Follow-up DM,2026-03-06 11:30,queued,,,,,john,
Q260305-027,2026-03-05,D,MED,sprint26-005,Fiverr,iamsulok,Fiverr DM,https://www.fiverr.com/iamsulok/create-or-fix-script-for-google-sheets-automation,11:10,11:50,Set up white-label partner chat,FV-WL-02,Follow-up DM,2026-03-06 11:35,queued,,,,,john,
Q260305-028,2026-03-05,D,MED,sprint26-006,Fiverr,msaccess_guru,Fiverr DM,https://www.fiverr.com/msaccess_guru/expert-google-sheets-formulas-guru-and-script-automation,11:10,11:50,Set up white-label partner chat,FV-WL-02,Follow-up DM,2026-03-06 11:40,queued,,,,,john,
Q260305-029,2026-03-05,D,MED,sprint26-007,Upwork,Taylor G.,Upwork DM,https://www.upwork.com/freelancers/taylorgee,11:10,11:50,Set up white-label partner chat,UP-WL-01,Follow-up DM,2026-03-06 11:45,queued,,,,,john,
Q260305-030,2026-03-05,D,MED,sprint26-008,Upwork,Chris K.,Upwork DM,https://www.upwork.com/freelancers/chriskspreadsheets,11:10,11:50,Set up white-label partner chat,UP-WL-01,Follow-up DM,2026-03-06 11:50,queued,,,,,john,
Q260305-031,2026-03-05,D,MED,sprint26-009,Upwork,Tekena T.,Upwork DM,https://www.upwork.com/freelancers/tekena,11:10,11:50,Set up white-label partner chat,UP-WL-02,Follow-up DM,2026-03-06 11:55,queued,,,,,john,
Q260305-032,2026-03-05,D,MED,sprint26-010,Upwork,Jonathan F.,Upwork DM,https://www.upwork.com/freelancers/jonflatt,11:10,11:50,Set up white-label partner chat,UP-WL-02,Follow-up DM,2026-03-06 12:00,queued,,,,,john,
Q260305-033,2026-03-05,E,MED,wave4-013,Yelp-Unclaimed,Precision Plumbing,SMS,(512) 288-6684,13:10,13:40,Book audit call,TX-OPS-01,Call follow-up,2026-03-05 16:00,queued,,,,,john,
Q260305-034,2026-03-05,E,MED,wave4-003,Yelp-Unclaimed,Northwest Plumbing of Tennessee,SMS,(615) 460-9110,13:10,13:40,Book audit call,TX-OPS-01,Call follow-up,2026-03-05 16:05,queued,,,,,john,
Q260305-035,2026-03-05,E,MED,wave4-044,Yelp-Unclaimed,Millennium Plumbing Specialist,SMS,(916) 883-3337,13:10,13:40,Book audit call,CA-OPS-01,Call follow-up,2026-03-05 16:10,queued,,,,,john,
Q260305-036,2026-03-05,E,MED,wave5-070,Yelp-Unclaimed,Champion Plumbing,SMS,(210) 393-9617,13:10,13:40,Book audit call,TX-OPS-01,Call follow-up,2026-03-05 16:15,queued,,,,,john,
Q260305-037,2026-03-05,E,MED,wave5-072,Yelp-Unclaimed,SOSA The Plumber,SMS,(210) 779-9678,13:10,13:40,Book audit call,TX-OPS-01,Call follow-up,2026-03-05 16:20,queued,,,,,john,
Q260305-038,2026-03-05,E,MED,nosite-068,Yelp-Unclaimed,Quality Construction & Roofing,SMS,(832) 282-6486,13:10,13:40,Book audit call,TX-OPS-02,Call follow-up,2026-03-05 16:25,queued,,,,,john,
Q260305-039,2026-03-05,E,MED,nosite-109,Yelp-Unclaimed,San Diego Heating and Cooling,SMS,(619) 443-2665,13:10,13:40,Book audit call,CA-OPS-01,Call follow-up,2026-03-05 16:30,queued,,,,,john,
Q260305-040,2026-03-05,E,MED,nosite-101,Yelp-Unclaimed,Cedar Fencing Plus,SMS,(503) 244-6216,13:10,13:40,Book audit call,PNW-OPS-01,Call follow-up,2026-03-05 16:35,queued,,,,,john,
Q260305-041,2026-03-05,E,MED,nosite-102,Yelp-Unclaimed,Austin's Custom Fencing,SMS,(503) 762-6010,13:10,13:40,Book audit call,PNW-OPS-01,Call follow-up,2026-03-05 16:40,queued,,,,,john,
Q260305-042,2026-03-05,E,MED,wa-google-005,Google+Yelp,Environment West Landscape Services,SMS,(509) 921-5555,13:10,13:40,Book audit call,PNW-OPS-01,Call follow-up,2026-03-05 16:45,queued,,,,,john,
Q260305-043,2026-03-05,F,MED,sprint26-013,Reddit-r/forhire,u/unknown (Excel scheduling post),Reddit DM,https://www.reddit.com/r/forhire/comments/1aizmuz/hiring_someone_who_can_make_an_excel_sheet_for/,14:05,14:35,Start scoped convo + qualify budget,RD-INTENT-01,Comment bump + DM,2026-03-06 14:10,queued,,,,,john,
Q260305-044,2026-03-05,F,MED,sprint26-016,Reddit-r/slavelabour,u/unknown (Convert PDF to Excel),Reddit DM,https://www.reddit.com/r/slavelabour/comments/1gpz4kq/task_convert_pdf_to_excel/,14:05,14:35,Start scoped convo + qualify budget,RD-INTENT-01,Comment bump + DM,2026-03-06 14:15,queued,,,,,john,
Q260305-045,2026-03-05,F,MED,sprint26-017,Reddit-r/slavelabour,u/unknown (Filter CSV task),Reddit DM,https://www.reddit.com/r/slavelabour/comments/tffu9l/task_need_someone_to_filter_excelcsv_file_will/,14:05,14:35,Start scoped convo + qualify budget,RD-INTENT-01,Comment bump + DM,2026-03-06 14:20,queued,,,,,john,
Q260305-046,2026-03-05,F,MED,sprint26-018,Reddit-r/slavelabour,u/unknown (Google Form automation task),Reddit DM,https://www.reddit.com/r/slavelabour/comments/1femfje/task_create_a_google_form/,14:05,14:35,Start scoped convo + qualify budget,RD-INTENT-02,Comment bump + DM,2026-03-06 14:25,queued,,,,,john,
Q260305-047,2026-03-05,F,MED,sprint26-014,Reddit-r/freelance_forhire,u/unknown (PowerBI/Excel offer),Reddit DM,https://www.reddit.com/r/freelance_forhire/comments/1fi7ws6/for_hire_powerbi_expert_ready_to_design_your/,14:05,14:35,Partner discussion,RD-PARTNER-01,Comment bump + DM,2026-03-06 14:30,queued,,,,,john,
Q260305-048,2026-03-05,F,MED,sprint26-015,Reddit-r/slavelabour,u/unknown (Google Sheets creator),Reddit DM,https://www.reddit.com/r/slavelabour/comments/1hsxgcq/offer_google_sheets_excel_creator_accountant/,14:05,14:35,Partner discussion,RD-PARTNER-01,Comment bump + DM,2026-03-06 14:35,queued,,,,,john,